key,rmsd,rmsd_min
sys1,0.35811431432094337,1.3570917170815788
