key,rmsd,rmsd_min
sys1,0.35811488292804683,1.368799943641979
