key,rmsd,rmsd_min
sys1,0.28071344520318114,0.2025085536112348
