key,rmsd,rmsd_min
sys1,0.28071340071265133,0.19727367985087307
