key,rmsd,rmsd_min
sys1,0.35811217411650104,1.349679300532431
