key,rmsd,rmsd_min
sys1,64.99415988128362,64.99415988128362
