key,rmsd,rmsd_min
sys1,24.872670321061868,24.581605057139477
