key,rmsd,rmsd_min
1GFZ,0.3581140466235772,1.376270503934455
2YLQ,0.2907549642570849,0.19812297768233308
5JES,0.4241048445383309,0.8491234394271635
