key,rmsd,rmsd_min
sys1,31.50794001808646,31.50794001808646
