key,rmsd,rmsd_min
sys1,0.3581189345774439,1.1225695333220371
