key,rmsd,rmsd_min
sys1,0.3581188772214824,1.4599488249348223
