key,rmsd,rmsd_min
sys1,17.95156731227314,15.41214401743916
