key,rmsd,rmsd_min
sys1,0.3581172747482733,1.2247085950776793
