key,rmsd,rmsd_min
sys1,0.3581170616718188,1.206461591360691
