key,rmsd,rmsd_min
sys1,31.498604298244743,31.498604298244743
