key,rmsd,rmsd_min
sys1,9.411145786365898,9.520842144624453
