key,rmsd,rmsd_min
sys1,40.84090004563039,42.54100472846984
