key,rmsd,rmsd_min
sys1,0.3581101147254677,1.226749450493341
